jst,bid,ask,volume,volume_real,flags
2025-06-18 00:00:00.055000+09:00,73.395,73.449,0,0.0,1154
2025-06-18 00:00:00.155000+09:00,73.405,73.459,0,0.0,1158
2025-06-18 00:00:00.253000+09:00,73.395,73.459,0,0.0,1154
2025-06-18 00:00:00.357000+09:00,73.405,73.469,0,0.0,1158
2025-06-18 00:00:00.957000+09:00,73.415,73.479,0,0.0,1158
2025-06-18 00:00:01.054000+09:00,73.375,73.449,0,0.0,1158
2025-06-18 00:00:01.456000+09:00,73.385,73.449,0,0.0,1154
2025-06-18 00:00:02.157000+09:00,73.395,73.449,0,0.0,1154
2025-06-18 00:00:03.759000+09:00,73.385,73.449,0,0.0,1154
2025-06-18 00:00:03.958000+09:00,73.385,73.459,0,0.0,1028
2025-06-18 00:00:04.162000+09:00,73.385,73.449,0,0.0,1028
2025-06-18 00:00:04.260000+09:00,73.385,73.459,0,0.0,1028
2025-06-18 00:00:04.460000+09:00,73.365,73.439,0,0.0,1158
2025-06-18 00:00:04.561000+09:00,73.365,73.429,0,0.0,1028
2025-06-18 00:00:05.261000+09:00,73.295,73.369,0,0.0,1158
2025-06-18 00:00:05.362000+09:00,73.275,73.329,0,0.0,1158
2025-06-18 00:00:05.463000+09:00,73.305,73.369,0,0.0,1158
2025-06-18 00:00:05.662000+09:00,73.315,73.379,0,0.0,1158
2025-06-18 00:00:05.762000+09:00,73.335,73.399,0,0.0,1158
2025-06-18 00:00:06.062000+09:00,73.335,73.389,0,0.0,1028
2025-06-18 00:00:06.261000+09:00,73.325,73.389,0,0.0,1154
2025-06-18 00:00:06.464000+09:00,73.325,73.379,0,0.0,1028
2025-06-18 00:00:06.564000+09:00,73.325,73.389,0,0.0,1028
2025-06-18 00:00:06.763000+09:00,73.325,73.379,0,0.0,1028
2025-06-18 00:00:07.464000+09:00,73.295,73.359,0,0.0,1158
2025-06-18 00:00:07.766000+09:00,73.275,73.339,0,0.0,1158
2025-06-18 00:00:07.866000+09:00,73.255,73.319,0,0.0,1158
2025-06-18 00:00:08.066000+09:00,73.245,73.309,0,0.0,1158
2025-06-18 00:00:08.871000+09:00,73.235,73.299,0,0.0,1158
2025-06-18 00:00:08.970000+09:00,73.215,73.279,0,0.0,1158
2025-06-18 00:00:09.071000+09:00,73.195,73.259,0,0.0,1158
2025-06-18 00:00:09.371000+09:00,73.205,73.269,0,0.0,1158
2025-06-18 00:00:09.474000+09:00,73.185,73.249,0,0.0,1158
2025-06-18 00:00:09.571000+09:00,73.185,73.239,0,0.0,1028
2025-06-18 00:00:09.673000+09:00,73.225,73.279,0,0.0,1158
2025-06-18 00:00:09.771000+09:00,73.225,73.289,0,0.0,1028
2025-06-18 00:00:10.172000+09:00,73.245,73.299,0,0.0,1158
2025-06-18 00:00:10.271000+09:00,73.255,73.319,0,0.0,1158
2025-06-18 00:00:10.471000+09:00,73.255,73.309,0,0.0,1028
2025-06-18 00:00:10.573000+09:00,73.265,73.319,0,0.0,1158
2025-06-18 00:00:10.773000+09:00,73.265,73.329,0,0.0,1028
2025-06-18 00:00:10.874000+09:00,73.265,73.319,0,0.0,1028
2025-06-18 00:00:10.973000+09:00,73.265,73.329,0,0.0,1028
2025-06-18 00:00:11.073000+09:00,73.275,73.329,0,0.0,1154
2025-06-18 00:00:11.174000+09:00,73.275,73.339,0,0.0,1028
2025-06-18 00:00:11.374000+09:00,73.285,73.349,0,0.0,1158
2025-06-18 00:00:11.474000+09:00,73.265,73.329,0,0.0,1158
2025-06-18 00:00:11.574000+09:00,73.255,73.319,0,0.0,1158
2025-06-18 00:00:11.777000+09:00,73.265,73.319,0,0.0,1154
2025-06-18 00:00:11.875000+09:00,73.255,73.319,0,0.0,1154
2025-06-18 00:00:11.976000+09:00,73.275,73.329,0,0.0,1158
2025-06-18 00:00:12.376000+09:00,73.265,73.329,0,0.0,1154
2025-06-18 00:00:12.678000+09:00,73.285,73.349,0,0.0,1158
2025-06-18 00:00:12.978000+09:00,73.265,73.329,0,0.0,1158
2025-06-18 00:00:13.079000+09:00,73.255,73.319,0,0.0,1158
2025-06-18 00:00:13.480000+09:00,73.265,73.329,0,0.0,1158
2025-06-18 00:00:13.880000+09:00,73.275,73.329,0,0.0,1154
2025-06-18 00:00:14.181000+09:00,73.275,73.339,0,0.0,1028
2025-06-18 00:00:14.281000+09:00,73.275,73.329,0,0.0,1028
2025-06-18 00:00:14.480000+09:00,73.275,73.339,0,0.0,1028
2025-06-18 00:00:14.882000+09:00,73.265,73.329,0,0.0,1158
2025-06-18 00:00:15.182000+09:00,73.275,73.329,0,0.0,1154
2025-06-18 00:00:15.381000+09:00,73.275,73.339,0,0.0,1028
2025-06-18 00:00:15.782000+09:00,73.265,73.329,0,0.0,1158
2025-06-18 00:00:15.882000+09:00,73.275,73.339,0,0.0,1158
2025-06-18 00:00:15.985000+09:00,73.285,73.349,0,0.0,1158
2025-06-18 00:00:16.083000+09:00,73.275,73.339,0,0.0,1158
2025-06-18 00:00:16.683000+09:00,73.285,73.349,0,0.0,1158
2025-06-18 00:00:17.884000+09:00,73.305,73.359,0,0.0,1158
2025-06-18 00:00:17.985000+09:00,73.305,73.369,0,0.0,1028
2025-06-18 00:00:18.085000+09:00,73.315,73.369,0,0.0,1154
2025-06-18 00:00:18.485000+09:00,73.315,73.379,0,0.0,1028
2025-06-18 00:00:18.786000+09:00,73.305,73.369,0,0.0,1158
2025-06-18 00:00:19.086000+09:00,73.315,73.369,0,0.0,1154
2025-06-18 00:00:19.286000+09:00,73.315,73.379,0,0.0,1028
2025-06-18 00:00:20.289000+09:00,73.325,73.389,0,0.0,1158
2025-06-18 00:00:20.388000+09:00,73.335,73.409,0,0.0,1158
2025-06-18 00:00:20.488000+09:00,73.325,73.379,0,0.0,1158
2025-06-18 00:00:20.790000+09:00,73.325,73.389,0,0.0,1028
2025-06-18 00:00:20.888000+09:00,73.325,73.379,0,0.0,1028
2025-06-18 00:00:21.092000+09:00,73.335,73.389,0,0.0,1158
2025-06-18 00:00:21.291000+09:00,73.335,73.399,0,0.0,1028
2025-06-18 00:00:21.892000+09:00,73.355,73.419,0,0.0,1158
2025-06-18 00:00:21.991000+09:00,73.375,73.429,0,0.0,1158
2025-06-18 00:00:22.394000+09:00,73.365,73.429,0,0.0,1154
2025-06-18 00:00:23.392000+09:00,73.365,73.419,0,0.0,1028
2025-06-18 00:00:23.996000+09:00,73.335,73.399,0,0.0,1158
2025-06-18 00:00:24.395000+09:00,73.335,73.389,0,0.0,1028
2025-06-18 00:00:24.596000+09:00,73.345,73.399,0,0.0,1158
2025-06-18 00:00:25.100000+09:00,73.335,73.399,0,0.0,1154
2025-06-18 00:00:25.500000+09:00,73.345,73.399,0,0.0,1154
2025-06-18 00:00:25.896000+09:00,73.335,73.399,0,0.0,1154
2025-06-18 00:00:26.396000+09:00,73.355,73.409,0,0.0,1158
2025-06-18 00:00:26.697000+09:00,73.355,73.419,0,0.0,1028
2025-06-18 00:00:26.797000+09:00,73.345,73.409,0,0.0,1158
2025-06-18 00:00:27.199000+09:00,73.365,73.429,0,0.0,1158
2025-06-18 00:00:27.396000+09:00,73.365,73.419,0,0.0,1028
2025-06-18 00:00:27.498000+09:00,73.365,73.429,0,0.0,1028
2025-06-18 00:00:27.697000+09:00,73.355,73.409,0,0.0,1158
2025-06-18 00:00:27.798000+09:00,73.355,73.419,0,0.0,1028
2025-06-18 00:00:27.997000+09:00,73.365,73.429,0,0.0,1158
2025-06-18 00:00:28.499000+09:00,73.355,73.419,0,0.0,1158
2025-06-18 00:00:29.001000+09:00,73.345,73.409,0,0.0,1158
2025-06-18 00:00:29.801000+09:00,73.355,73.409,0,0.0,1154
2025-06-18 00:00:30.001000+09:00,73.345,73.409,0,0.0,1154
2025-06-18 00:00:30.201000+09:00,73.355,73.409,0,0.0,1154
2025-06-18 00:00:31.106000+09:00,73.355,73.419,0,0.0,1028
2025-06-18 00:00:31.205000+09:00,73.365,73.419,0,0.0,1154
2025-06-18 00:00:31.606000+09:00,73.355,73.419,0,0.0,1154
2025-06-18 00:00:32.306000+09:00,73.365,73.419,0,0.0,1154
2025-06-18 00:00:32.507000+09:00,73.355,73.419,0,0.0,1154
2025-06-18 00:00:33.409000+09:00,73.355,73.409,0,0.0,1028
2025-06-18 00:00:33.709000+09:00,73.365,73.419,0,0.0,1158
2025-06-18 00:00:34.009000+09:00,73.365,73.429,0,0.0,1028
2025-06-18 00:00:34.509000+09:00,73.365,73.419,0,0.0,1028
2025-06-18 00:00:35.211000+09:00,73.355,73.419,0,0.0,1154
2025-06-18 00:00:35.311000+09:00,73.365,73.419,0,0.0,1154
2025-06-18 00:00:36.115000+09:00,73.365,73.429,0,0.0,1028
2025-06-18 00:00:36.616000+09:00,73.375,73.429,0,0.0,1154
2025-06-18 00:00:36.716000+09:00,73.375,73.439,0,0.0,1028
2025-06-18 00:00:36.816000+09:00,73.345,73.399,0,0.0,1158
2025-06-18 00:00:36.916000+09:00,73.345,73.409,0,0.0,1028
2025-06-18 00:00:37.521000+09:00,73.355,73.409,0,0.0,1154
2025-06-18 00:00:37.621000+09:00,73.345,73.409,0,0.0,1154
2025-06-18 00:00:37.921000+09:00,73.355,73.409,0,0.0,1154
2025-06-18 00:00:38.021000+09:00,73.355,73.419,0,0.0,1028
2025-06-18 00:00:38.621000+09:00,73.345,73.409,0,0.0,1158
2025-06-18 00:00:39.623000+09:00,73.345,73.399,0,0.0,1028
2025-06-18 00:00:40.926000+09:00,73.335,73.399,0,0.0,1154
2025-06-18 00:00:41.228000+09:00,73.345,73.399,0,0.0,1154
2025-06-18 00:00:41.529000+09:00,73.335,73.399,0,0.0,1154
2025-06-18 00:00:41.630000+09:00,73.335,73.389,0,0.0,1028
2025-06-18 00:00:41.730000+09:00,73.335,73.399,0,0.0,1028
2025-06-18 00:00:41.830000+09:00,73.345,73.409,0,0.0,1158
2025-06-18 00:00:42.734000+09:00,73.345,73.399,0,0.0,1028
2025-06-18 00:00:43.439000+09:00,73.335,73.399,0,0.0,1154
2025-06-18 00:00:43.841000+09:00,73.345,73.399,0,0.0,1154
2025-06-18 00:00:43.940000+09:00,73.335,73.399,0,0.0,1154
2025-06-18 00:00:45.950000+09:00,73.345,73.399,0,0.0,1154
2025-06-18 00:00:46.050000+09:00,73.335,73.399,0,0.0,1154
2025-06-18 00:00:48.158000+09:00,73.325,73.389,0,0.0,1158
2025-06-18 00:00:49.359000+09:00,73.325,73.379,0,0.0,1028
2025-06-18 00:00:49.561000+09:00,73.325,73.389,0,0.0,1028
2025-06-18 00:00:49.660000+09:00,73.325,73.379,0,0.0,1028
2025-06-18 00:00:50.464000+09:00,73.345,73.409,0,0.0,1158
2025-06-18 00:00:50.763000+09:00,73.345,73.399,0,0.0,1028
2025-06-18 00:00:50.863000+09:00,73.335,73.399,0,0.0,1154
2025-06-18 00:00:51.765000+09:00,73.335,73.389,0,0.0,1028
2025-06-18 00:00:52.269000+09:00,73.325,73.389,0,0.0,1154
2025-06-18 00:00:52.368000+09:00,73.335,73.389,0,0.0,1154
2025-06-18 00:00:52.570000+09:00,73.325,73.389,0,0.0,1154
2025-06-18 00:00:53.670000+09:00,73.335,73.389,0,0.0,1154
2025-06-18 00:00:55.273000+09:00,73.315,73.369,0,0.0,1158
2025-06-18 00:00:55.674000+09:00,73.315,73.379,0,0.0,1028
2025-06-18 00:00:56.277000+09:00,73.325,73.389,0,0.0,1158
2025-06-18 00:00:56.776000+09:00,73.325,73.379,0,0.0,1028
2025-06-18 00:00:57.377000+09:00,73.345,73.399,0,0.0,1158
2025-06-18 00:00:57.477000+09:00,73.335,73.399,0,0.0,1154
2025-06-18 00:00:57.575000+09:00,73.345,73.399,0,0.0,1154
2025-06-18 00:00:58.277000+09:00,73.335,73.399,0,0.0,1154
2025-06-18 00:00:58.776000+09:00,73.335,73.389,0,0.0,1028
2025-06-18 00:00:58.979000+09:00,73.325,73.379,0,0.0,1158
2025-06-18 00:00:59.178000+09:00,73.325,73.389,0,0.0,1028
2025-06-18 00:00:59.781000+09:00,73.325,73.379,0,0.0,1028
2025-06-18 00:00:59.983000+09:00,73.315,73.379,0,0.0,1154
2025-06-18 00:01:00.282000+09:00,73.325,73.379,0,0.0,1154
2025-06-18 00:01:00.583000+09:00,73.315,73.379,0,0.0,1154
2025-06-18 00:01:00.883000+09:00,73.325,73.389,0,0.0,1158
2025-06-18 00:01:00.982000+09:00,73.335,73.399,0,0.0,1158
2025-06-18 00:01:01.783000+09:00,73.345,73.399,0,0.0,1154
2025-06-18 00:01:01.883000+09:00,73.365,73.419,0,0.0,1158
2025-06-18 00:01:01.981000+09:00,73.365,73.429,0,0.0,1028
2025-06-18 00:01:02.083000+09:00,73.375,73.429,0,0.0,1154
2025-06-18 00:01:02.783000+09:00,73.365,73.429,0,0.0,1154
2025-06-18 00:01:02.983000+09:00,73.375,73.429,0,0.0,1154
2025-06-18 00:01:05.486000+09:00,73.365,73.429,0,0.0,1154
2025-06-18 00:01:05.785000+09:00,73.375,73.429,0,0.0,1154
2025-06-18 00:01:05.886000+09:00,73.365,73.429,0,0.0,1154
2025-06-18 00:01:06.886000+09:00,73.355,73.419,0,0.0,1158
2025-06-18 00:01:07.585000+09:00,73.375,73.429,0,0.0,1158
2025-06-18 00:01:07.686000+09:00,73.375,73.439,0,0.0,1028
2025-06-18 00:01:07.886000+09:00,73.375,73.429,0,0.0,1028
2025-06-18 00:01:08.188000+09:00,73.355,73.419,0,0.0,1158
2025-06-18 00:01:08.688000+09:00,73.375,73.429,0,0.0,1158
2025-06-18 00:01:09.993000+09:00,73.355,73.419,0,0.0,1158
2025-06-18 00:01:10.493000+09:00,73.365,73.419,0,0.0,1154
2025-06-18 00:01:10.993000+09:00,73.375,73.429,0,0.0,1158
2025-06-18 00:01:11.093000+09:00,73.375,73.439,0,0.0,1028
2025-06-18 00:01:11.292000+09:00,73.385,73.439,0,0.0,1154
2025-06-18 00:01:11.694000+09:00,73.375,73.439,0,0.0,1154
2025-06-18 00:01:12.096000+09:00,73.385,73.439,0,0.0,1154
2025-06-18 00:01:12.396000+09:00,73.375,73.439,0,0.0,1154
2025-06-18 00:01:12.800000+09:00,73.385,73.439,0,0.0,1154
2025-06-18 00:01:12.896000+09:00,73.385,73.449,0,0.0,1028
2025-06-18 00:01:13.796000+09:00,73.385,73.439,0,0.0,1028
2025-06-18 00:01:14.695000+09:00,73.385,73.449,0,0.0,1028
2025-06-18 00:01:14.795000+09:00,73.375,73.439,0,0.0,1158
2025-06-18 00:01:15.097000+09:00,73.375,73.429,0,0.0,1028
2025-06-18 00:01:15.396000+09:00,73.345,73.399,0,0.0,1158
2025-06-18 00:01:15.496000+09:00,73.345,73.409,0,0.0,1028
2025-06-18 00:01:15.795000+09:00,73.355,73.409,0,0.0,1154
2025-06-18 00:01:16.497000+09:00,73.315,73.369,0,0.0,1158
2025-06-18 00:01:16.597000+09:00,73.315,73.379,0,0.0,1028
2025-06-18 00:01:16.696000+09:00,73.325,73.379,0,0.0,1154
2025-06-18 00:01:16.998000+09:00,73.315,73.379,0,0.0,1154
2025-06-18 00:01:17.200000+09:00,73.315,73.369,0,0.0,1028
2025-06-18 00:01:17.400000+09:00,73.305,73.369,0,0.0,1154
2025-06-18 00:01:17.600000+09:00,73.315,73.369,0,0.0,1154
2025-06-18 00:01:17.699000+09:00,73.305,73.359,0,0.0,1158
2025-06-18 00:01:18.001000+09:00,73.295,73.349,0,0.0,1158
2025-06-18 00:01:18.101000+09:00,73.295,73.359,0,0.0,1028
2025-06-18 00:01:18.801000+09:00,73.305,73.359,0,0.0,1154
2025-06-18 00:01:19.103000+09:00,73.285,73.339,0,0.0,1158
2025-06-18 00:01:19.303000+09:00,73.295,73.349,0,0.0,1158
2025-06-18 00:01:19.402000+09:00,73.305,73.359,0,0.0,1158
2025-06-18 00:01:19.601000+09:00,73.295,73.359,0,0.0,1154
2025-06-18 00:01:20.002000+09:00,73.305,73.359,0,0.0,1154
2025-06-18 00:01:21.003000+09:00,73.305,73.369,0,0.0,1028
2025-06-18 00:01:21.203000+09:00,73.295,73.359,0,0.0,1158
2025-06-18 00:01:21.504000+09:00,73.295,73.349,0,0.0,1028
2025-06-18 00:01:21.604000+09:00,73.295,73.359,0,0.0,1028
2025-06-18 00:01:22.106000+09:00,73.305,73.359,0,0.0,1154
2025-06-18 00:01:22.305000+09:00,73.295,73.359,0,0.0,1154
2025-06-18 00:01:22.407000+09:00,73.305,73.359,0,0.0,1154
2025-06-18 00:01:22.607000+09:00,73.295,73.359,0,0.0,1154
2025-06-18 00:01:22.908000+09:00,73.305,73.359,0,0.0,1154
2025-06-18 00:01:23.008000+09:00,73.295,73.359,0,0.0,1154
2025-06-18 00:01:23.308000+09:00,73.305,73.359,0,0.0,1154
2025-06-18 00:01:24.010000+09:00,73.305,73.369,0,0.0,1028
2025-06-18 00:01:24.212000+09:00,73.315,73.369,0,0.0,1154
2025-06-18 00:01:24.311000+09:00,73.305,73.369,0,0.0,1154
2025-06-18 00:01:24.911000+09:00,73.315,73.369,0,0.0,1154
2025-06-18 00:01:25.411000+09:00,73.325,73.379,0,0.0,1158
2025-06-18 00:01:26.014000+09:00,73.315,73.379,0,0.0,1154
2025-06-18 00:01:26.115000+09:00,73.325,73.389,0,0.0,1158
2025-06-18 00:01:26.215000+09:00,73.335,73.389,0,0.0,1154
2025-06-18 00:01:26.416000+09:00,73.345,73.409,0,0.0,1158
2025-06-18 00:01:26.616000+09:00,73.355,73.419,0,0.0,1158
2025-06-18 00:01:26.818000+09:00,73.365,73.419,0,0.0,1154
2025-06-18 00:01:27.018000+09:00,73.355,73.409,0,0.0,1158
2025-06-18 00:01:27.321000+09:00,73.345,73.399,0,0.0,1158
2025-06-18 00:01:27.624000+09:00,73.335,73.389,0,0.0,1158
2025-06-18 00:01:28.427000+09:00,73.335,73.399,0,0.0,1028
2025-06-18 00:01:28.830000+09:00,73.345,73.399,0,0.0,1154
2025-06-18 00:01:29.131000+09:00,73.325,73.389,0,0.0,1158
2025-06-18 00:01:29.432000+09:00,73.335,73.389,0,0.0,1154
2025-06-18 00:01:29.632000+09:00,73.325,73.379,0,0.0,1158
2025-06-18 00:01:30.034000+09:00,73.325,73.389,0,0.0,1028
2025-06-18 00:01:30.136000+09:00,73.325,73.379,0,0.0,1028
2025-06-18 00:01:30.434000+09:00,73.335,73.389,0,0.0,1158
2025-06-18 00:01:31.639000+09:00,73.335,73.399,0,0.0,1028
2025-06-18 00:01:31.837000+09:00,73.345,73.399,0,0.0,1154
2025-06-18 00:01:32.037000+09:00,73.335,73.399,0,0.0,1154
2025-06-18 00:01:33.038000+09:00,73.335,73.389,0,0.0,1028
2025-06-18 00:01:33.541000+09:00,73.345,73.399,0,0.0,1158
2025-06-18 00:01:33.742000+09:00,73.335,73.399,0,0.0,1154
2025-06-18 00:01:35.542000+09:00,73.345,73.399,0,0.0,1154
2025-06-18 00:01:36.749000+09:00,73.335,73.399,0,0.0,1154
2025-06-18 00:01:36.848000+09:00,73.345,73.399,0,0.0,1154
2025-06-18 00:01:37.247000+09:00,73.335,73.399,0,0.0,1154
2025-06-18 00:01:37.448000+09:00,73.365,73.419,0,0.0,1158
2025-06-18 00:01:38.148000+09:00,73.355,73.409,0,0.0,1158
2025-06-18 00:01:38.249000+09:00,73.365,73.419,0,0.0,1158
2025-06-18 00:01:38.349000+09:00,73.365,73.429,0,0.0,1028
2025-06-18 00:01:38.648000+09:00,73.355,73.419,0,0.0,1158
2025-06-18 00:01:38.747000+09:00,73.365,73.429,0,0.0,1158
2025-06-18 00:01:39.249000+09:00,73.365,73.419,0,0.0,1028
2025-06-18 00:01:39.350000+09:00,73.365,73.429,0,0.0,1028
2025-06-18 00:01:39.652000+09:00,73.365,73.419,0,0.0,1028
2025-06-18 00:01:39.852000+09:00,73.375,73.429,0,0.0,1158
2025-06-18 00:01:41.056000+09:00,73.385,73.439,0,0.0,1158
2025-06-18 00:01:41.356000+09:00,73.385,73.449,0,0.0,1028
2025-06-18 00:01:41.856000+09:00,73.385,73.439,0,0.0,1028
2025-06-18 00:01:43.260000+09:00,73.375,73.429,0,0.0,1158
2025-06-18 00:01:44.462000+09:00,73.365,73.429,0,0.0,1154
2025-06-18 00:01:44.860000+09:00,73.365,73.419,0,0.0,1028
2025-06-18 00:01:45.762000+09:00,73.355,73.419,0,0.0,1154
2025-06-18 00:01:46.162000+09:00,73.355,73.409,0,0.0,1028
2025-06-18 00:01:46.263000+09:00,73.355,73.419,0,0.0,1028
2025-06-18 00:01:46.362000+09:00,73.355,73.409,0,0.0,1028
2025-06-18 00:01:46.863000+09:00,73.345,73.409,0,0.0,1154
2025-06-18 00:01:47.365000+09:00,73.345,73.399,0,0.0,1028
2025-06-18 00:01:48.766000+09:00,73.355,73.409,0,0.0,1158
2025-06-18 00:01:50.373000+09:00,73.355,73.419,0,0.0,1028
2025-06-18 00:01:50.573000+09:00,73.365,73.419,0,0.0,1154
2025-06-18 00:01:50.672000+09:00,73.355,73.419,0,0.0,1154
2025-06-18 00:01:51.373000+09:00,73.355,73.409,0,0.0,1028
2025-06-18 00:01:51.673000+09:00,73.365,73.419,0,0.0,1158
2025-06-18 00:01:53.476000+09:00,73.375,73.429,0,0.0,1158
2025-06-18 00:01:54.177000+09:00,73.385,73.439,0,0.0,1158
2025-06-18 00:01:54.379000+09:00,73.385,73.449,0,0.0,1028
2025-06-18 00:01:54.778000+09:00,73.395,73.449,0,0.0,1154
2025-06-18 00:01:55.180000+09:00,73.375,73.429,0,0.0,1158
2025-06-18 00:01:58.790000+09:00,73.355,73.409,0,0.0,1158
2025-06-18 00:01:59.993000+09:00,73.345,73.409,0,0.0,1154
2025-06-18 00:02:00.295000+09:00,73.345,73.409,0,0.0,1154
2025-06-18 00:02:00.496000+09:00,73.355,73.409,0,0.0,1154
2025-06-18 00:02:00.995000+09:00,73.345,73.409,0,0.0,1154
2025-06-18 00:02:01.096000+09:00,73.365,73.419,0,0.0,1158
2025-06-18 00:02:01.197000+09:00,73.355,73.419,0,0.0,1154
2025-06-18 00:02:01.297000+09:00,73.355,73.409,0,0.0,1028
2025-06-18 00:02:01.794000+09:00,73.345,73.409,0,0.0,1154
2025-06-18 00:02:02.696000+09:00,73.355,73.409,0,0.0,1154
2025-06-18 00:02:02.996000+09:00,73.355,73.419,0,0.0,1028
2025-06-18 00:02:03.498000+09:00,73.355,73.409,0,0.0,1028
2025-06-18 00:02:03.796000+09:00,73.355,73.419,0,0.0,1028
2025-06-18 00:02:03.897000+09:00,73.375,73.429,0,0.0,1158
2025-06-18 00:02:03.997000+09:00,73.375,73.439,0,0.0,1028
2025-06-18 00:02:04.499000+09:00,73.375,73.429,0,0.0,1028
2025-06-18 00:02:04.998000+09:00,73.385,73.439,0,0.0,1158
2025-06-18 00:02:05.399000+09:00,73.375,73.439,0,0.0,1154
2025-06-18 00:02:06.100000+09:00,73.385,73.439,0,0.0,1154
2025-06-18 00:02:06.300000+09:00,73.375,73.439,0,0.0,1154
2025-06-18 00:02:06.700000+09:00,73.385,73.439,0,0.0,1154
2025-06-18 00:02:07.402000+09:00,73.375,73.439,0,0.0,1154
2025-06-18 00:02:07.502000+09:00,73.365,73.419,0,0.0,1158
2025-06-18 00:02:07.601000+09:00,73.375,73.429,0,0.0,1158
2025-06-18 00:02:08.204000+09:00,73.375,73.439,0,0.0,1028
2025-06-18 00:02:08.603000+09:00,73.375,73.429,0,0.0,1028
2025-06-18 00:02:10.809000+09:00,73.365,73.429,0,0.0,1154
2025-06-18 00:02:10.911000+09:00,73.375,73.429,0,0.0,1154
2025-06-18 00:02:12.213000+09:00,73.385,73.439,0,0.0,1158
2025-06-18 00:02:13.316000+09:00,73.375,73.439,0,0.0,1154
2025-06-18 00:02:13.716000+09:00,73.385,73.439,0,0.0,1154
2025-06-18 00:02:15.120000+09:00,73.385,73.449,0,0.0,1028
2025-06-18 00:02:15.421000+09:00,73.385,73.439,0,0.0,1028
2025-06-18 00:02:15.521000+09:00,73.385,73.449,0,0.0,1028
2025-06-18 00:02:16.621000+09:00,73.395,73.449,0,0.0,1154
2025-06-18 00:02:17.224000+09:00,73.385,73.449,0,0.0,1154
2025-06-18 00:02:17.424000+09:00,73.385,73.439,0,0.0,1028
2025-06-18 00:02:17.524000+09:00,73.385,73.449,0,0.0,1028
2025-06-18 00:02:17.723000+09:00,73.385,73.439,0,0.0,1028
2025-06-18 00:02:18.525000+09:00,73.375,73.439,0,0.0,1154
2025-06-18 00:02:20.833000+09:00,73.385,73.439,0,0.0,1154
2025-06-18 00:02:20.932000+09:00,73.375,73.439,0,0.0,1154
2025-06-18 00:02:21.837000+09:00,73.385,73.449,0,0.0,1158
2025-06-18 00:02:22.037000+09:00,73.385,73.439,0,0.0,1028
2025-06-18 00:02:22.441000+09:00,73.375,73.439,0,0.0,1154
2025-06-18 00:02:23.140000+09:00,73.375,73.429,0,0.0,1028
2025-06-18 00:02:23.741000+09:00,73.365,73.429,0,0.0,1154
2025-06-18 00:02:23.842000+09:00,73.375,73.429,0,0.0,1154
2025-06-18 00:02:25.753000+09:00,73.375,73.439,0,0.0,1028
2025-06-18 00:02:27.063000+09:00,73.385,73.439,0,0.0,1154
2025-06-18 00:02:30.479000+09:00,73.385,73.449,0,0.0,1028
2025-06-18 00:02:30.980000+09:00,73.385,73.439,0,0.0,1028
2025-06-18 00:02:31.079000+09:00,73.385,73.449,0,0.0,1028
2025-06-18 00:02:31.483000+09:00,73.395,73.449,0,0.0,1154
2025-06-18 00:02:32.683000+09:00,73.385,73.439,0,0.0,1158
2025-06-18 00:02:33.186000+09:00,73.375,73.439,0,0.0,1154
2025-06-18 00:02:33.884000+09:00,73.385,73.439,0,0.0,1154
2025-06-18 00:02:34.486000+09:00,73.385,73.449,0,0.0,1028
2025-06-18 00:02:34.787000+09:00,73.385,73.439,0,0.0,1028
2025-06-18 00:02:35.491000+09:00,73.385,73.449,0,0.0,1028
2025-06-18 00:02:35.790000+09:00,73.385,73.439,0,0.0,1028
2025-06-18 00:02:36.193000+09:00,73.385,73.449,0,0.0,1028
2025-06-18 00:02:36.395000+09:00,73.405,73.459,0,0.0,1158
2025-06-18 00:02:36.796000+09:00,73.395,73.459,0,0.0,1154
2025-06-18 00:02:37.097000+09:00,73.405,73.459,0,0.0,1154
2025-06-18 00:02:37.296000+09:00,73.405,73.469,0,0.0,1028
2025-06-18 00:02:37.897000+09:00,73.405,73.459,0,0.0,1028
2025-06-18 00:02:38.198000+09:00,73.405,73.469,0,0.0,1028
2025-06-18 00:02:38.499000+09:00,73.415,73.469,0,0.0,1154
2025-06-18 00:02:39.604000+09:00,73.415,73.479,0,0.0,1028
2025-06-18 00:02:39.704000+09:00,73.415,73.469,0,0.0,1028
2025-06-18 00:02:39.804000+09:00,73.405,73.469,0,0.0,1154
2025-06-18 00:02:40.002000+09:00,73.405,73.459,0,0.0,1028
2025-06-18 00:02:40.901000+09:00,73.415,73.469,0,0.0,1158
2025-06-18 00:02:41.204000+09:00,73.415,73.479,0,0.0,1028
2025-06-18 00:02:41.406000+09:00,73.415,73.469,0,0.0,1028
2025-06-18 00:02:41.508000+09:00,73.395,73.449,0,0.0,1158
2025-06-18 00:02:41.607000+09:00,73.395,73.459,0,0.0,1028
2025-06-18 00:02:41.709000+09:00,73.405,73.459,0,0.0,1154
2025-06-18 00:02:41.908000+09:00,73.395,73.459,0,0.0,1154
2025-06-18 00:02:42.008000+09:00,73.395,73.449,0,0.0,1028
2025-06-18 00:02:42.107000+09:00,73.395,73.459,0,0.0,1028
2025-06-18 00:02:42.908000+09:00,73.405,73.459,0,0.0,1154
2025-06-18 00:02:43.010000+09:00,73.395,73.459,0,0.0,1154
2025-06-18 00:02:44.010000+09:00,73.395,73.449,0,0.0,1028
2025-06-18 00:02:44.712000+09:00,73.395,73.459,0,0.0,1028
2025-06-18 00:02:44.812000+09:00,73.395,73.449,0,0.0,1028
2025-06-18 00:02:45.812000+09:00,73.405,73.459,0,0.0,1158
2025-06-18 00:02:45.912000+09:00,73.405,73.469,0,0.0,1028
2025-06-18 00:02:46.313000+09:00,73.415,73.469,0,0.0,1154
2025-06-18 00:02:46.814000+09:00,73.425,73.479,0,0.0,1158
2025-06-18 00:02:47.214000+09:00,73.415,73.479,0,0.0,1154
2025-06-18 00:02:47.516000+09:00,73.425,73.479,0,0.0,1154
2025-06-18 00:02:47.814000+09:00,73.415,73.479,0,0.0,1154
2025-06-18 00:02:48.013000+09:00,73.415,73.469,0,0.0,1028
2025-06-18 00:02:48.214000+09:00,73.415,73.479,0,0.0,1028
2025-06-18 00:02:48.516000+09:00,73.415,73.469,0,0.0,1028
2025-06-18 00:02:49.016000+09:00,73.405,73.469,0,0.0,1154
2025-06-18 00:02:50.118000+09:00,73.405,73.459,0,0.0,1028
2025-06-18 00:02:50.318000+09:00,73.405,73.469,0,0.0,1028
2025-06-18 00:02:51.119000+09:00,73.405,73.459,0,0.0,1028
2025-06-18 00:02:51.219000+09:00,73.415,73.469,0,0.0,1158
2025-06-18 00:02:51.319000+09:00,73.415,73.479,0,0.0,1028
2025-06-18 00:02:53.725000+09:00,73.425,73.479,0,0.0,1154
2025-06-18 00:02:55.126000+09:00,73.435,73.489,0,0.0,1158
2025-06-18 00:02:55.827000+09:00,73.445,73.509,0,0.0,1158
2025-06-18 00:02:56.029000+09:00,73.455,73.509,0,0.0,1154
2025-06-18 00:02:56.931000+09:00,73.455,73.519,0,0.0,1028
2025-06-18 00:02:57.331000+09:00,73.465,73.519,0,0.0,1154
2025-06-18 00:02:57.432000+09:00,73.455,73.519,0,0.0,1154
2025-06-18 00:02:58.132000+09:00,73.455,73.509,0,0.0,1028
2025-06-18 00:02:58.732000+09:00,73.455,73.519,0,0.0,1028
2025-06-18 00:02:59.234000+09:00,73.455,73.509,0,0.0,1028
2025-06-18 00:03:00.236000+09:00,73.445,73.499,0,0.0,1158
2025-06-18 00:03:00.336000+09:00,73.455,73.509,0,0.0,1158
2025-06-18 00:03:01.837000+09:00,73.455,73.519,0,0.0,1028
2025-06-18 00:03:02.239000+09:00,73.455,73.509,0,0.0,1028
2025-06-18 00:03:02.537000+09:00,73.415,73.479,0,0.0,1158
2025-06-18 00:03:02.837000+09:00,73.425,73.479,0,0.0,1154
2025-06-18 00:03:03.037000+09:00,73.415,73.479,0,0.0,1154
2025-06-18 00:03:03.237000+09:00,73.415,73.469,0,0.0,1028
2025-06-18 00:03:03.739000+09:00,73.425,73.479,0,0.0,1158
2025-06-18 00:03:03.939000+09:00,73.415,73.479,0,0.0,1154
2025-06-18 00:03:04.642000+09:00,73.425,73.479,0,0.0,1154
2025-06-18 00:03:05.041000+09:00,73.425,73.489,0,0.0,1028
2025-06-18 00:03:05.240000+09:00,73.425,73.479,0,0.0,1028
2025-06-18 00:03:06.646000+09:00,73.415,73.479,0,0.0,1154
2025-06-18 00:03:07.344000+09:00,73.415,73.469,0,0.0,1028
2025-06-18 00:03:07.845000+09:00,73.415,73.479,0,0.0,1028
2025-06-18 00:03:07.945000+09:00,73.425,73.479,0,0.0,1154
2025-06-18 00:03:08.448000+09:00,73.425,73.489,0,0.0,1028
2025-06-18 00:03:09.149000+09:00,73.425,73.479,0,0.0,1028
2025-06-18 00:03:09.247000+09:00,73.425,73.489,0,0.0,1028
2025-06-18 00:03:09.549000+09:00,73.435,73.489,0,0.0,1154
2025-06-18 00:03:09.748000+09:00,73.425,73.479,0,0.0,1158
2025-06-18 00:03:10.149000+09:00,73.415,73.479,0,0.0,1154
2025-06-18 00:03:10.350000+09:00,73.415,73.469,0,0.0,1028
2025-06-18 00:03:10.450000+09:00,73.415,73.479,0,0.0,1028
2025-06-18 00:03:11.153000+09:00,73.425,73.479,0,0.0,1154
2025-06-18 00:03:11.755000+09:00,73.425,73.489,0,0.0,1028
2025-06-18 00:03:12.355000+09:00,73.425,73.479,0,0.0,1028
2025-06-18 00:03:15.465000+09:00,73.425,73.489,0,0.0,1028
2025-06-18 00:03:15.764000+09:00,73.435,73.489,0,0.0,1154
2025-06-18 00:03:20.275000+09:00,73.435,73.499,0,0.0,1028
2025-06-18 00:03:20.776000+09:00,73.445,73.499,0,0.0,1154
2025-06-18 00:03:21.676000+09:00,73.445,73.509,0,0.0,1028
2025-06-18 00:03:21.777000+09:00,73.455,73.509,0,0.0,1154
2025-06-18 00:03:21.877000+09:00,73.465,73.519,0,0.0,1158
2025-06-18 00:03:25.978000+09:00,73.505,73.559,0,0.0,1158
2025-06-18 00:03:26.479000+09:00,73.495,73.559,0,0.0,1154
2025-06-18 00:03:26.779000+09:00,73.505,73.559,0,0.0,1154
2025-06-18 00:03:26.979000+09:00,73.515,73.569,0,0.0,1158
2025-06-18 00:03:28.178000+09:00,73.505,73.569,0,0.0,1154
2025-06-18 00:03:28.779000+09:00,73.515,73.569,0,0.0,1154
2025-06-18 00:03:30.180000+09:00,73.525,73.579,0,0.0,1158
2025-06-18 00:03:30.581000+09:00,73.515,73.569,0,0.0,1158
2025-06-18 00:03:31.182000+09:00,73.495,73.549,0,0.0,1158
2025-06-18 00:03:31.282000+09:00,73.495,73.559,0,0.0,1028
2025-06-18 00:03:31.583000+09:00,73.495,73.549,0,0.0,1028
2025-06-18 00:03:31.782000+09:00,73.495,73.559,0,0.0,1028
2025-06-18 00:03:32.083000+09:00,73.495,73.549,0,0.0,1028
2025-06-18 00:03:32.782000+09:00,73.505,73.559,0,0.0,1158
2025-06-18 00:03:33.184000+09:00,73.495,73.559,0,0.0,1154
2025-06-18 00:03:33.584000+09:00,73.505,73.559,0,0.0,1154
2025-06-18 00:03:33.784000+09:00,73.505,73.569,0,0.0,1028
2025-06-18 00:03:33.883000+09:00,73.505,73.559,0,0.0,1028
2025-06-18 00:03:34.485000+09:00,73.505,73.569,0,0.0,1028
2025-06-18 00:03:34.585000+09:00,73.505,73.559,0,0.0,1028
2025-06-18 00:03:35.185000+09:00,73.505,73.569,0,0.0,1028
2025-06-18 00:03:35.787000+09:00,73.515,73.569,0,0.0,1154
2025-06-18 00:03:35.885000+09:00,73.505,73.569,0,0.0,1154
2025-06-18 00:03:36.484000+09:00,73.505,73.559,0,0.0,1028
2025-06-18 00:03:36.686000+09:00,73.495,73.559,0,0.0,1154
2025-06-18 00:03:36.887000+09:00,73.505,73.559,0,0.0,1154
2025-06-18 00:03:36.986000+09:00,73.495,73.559,0,0.0,1154
2025-06-18 00:03:37.087000+09:00,73.505,73.559,0,0.0,1154
2025-06-18 00:03:37.188000+09:00,73.495,73.549,0,0.0,1158
2025-06-18 00:03:37.386000+09:00,73.495,73.559,0,0.0,1028
2025-06-18 00:03:37.487000+09:00,73.495,73.549,0,0.0,1028
2025-06-18 00:03:37.688000+09:00,73.505,73.559,0,0.0,1158
2025-06-18 00:03:37.887000+09:00,73.505,73.569,0,0.0,1028
2025-06-18 00:03:38.088000+09:00,73.515,73.569,0,0.0,1154
2025-06-18 00:03:38.388000+09:00,73.505,73.569,0,0.0,1154
2025-06-18 00:03:38.689000+09:00,73.505,73.559,0,0.0,1028
2025-06-18 00:03:38.990000+09:00,73.505,73.569,0,0.0,1028
2025-06-18 00:03:39.090000+09:00,73.515,73.569,0,0.0,1154
2025-06-18 00:03:39.190000+09:00,73.505,73.569,0,0.0,1154
2025-06-18 00:03:39.290000+09:00,73.505,73.559,0,0.0,1028
2025-06-18 00:03:40.291000+09:00,73.505,73.569,0,0.0,1028
2025-06-18 00:03:40.493000+09:00,73.505,73.559,0,0.0,1028
2025-06-18 00:03:41.293000+09:00,73.485,73.549,0,0.0,1158
2025-06-18 00:03:41.495000+09:00,73.495,73.549,0,0.0,1154
2025-06-18 00:03:41.895000+09:00,73.505,73.559,0,0.0,1158
2025-06-18 00:03:41.996000+09:00,73.505,73.569,0,0.0,1028
2025-06-18 00:03:42.597000+09:00,73.505,73.559,0,0.0,1028
2025-06-18 00:03:42.998000+09:00,73.505,73.569,0,0.0,1028
2025-06-18 00:03:43.099000+09:00,73.515,73.569,0,0.0,1154
2025-06-18 00:03:45.602000+09:00,73.515,73.579,0,0.0,1028
2025-06-18 00:03:46.300000+09:00,73.525,73.579,0,0.0,1154
2025-06-18 00:03:46.400000+09:00,73.535,73.589,0,0.0,1158
2025-06-18 00:03:46.501000+09:00,73.515,73.579,0,0.0,1158
2025-06-18 00:03:47.102000+09:00,73.515,73.569,0,0.0,1028
2025-06-18 00:03:49.107000+09:00,73.505,73.559,0,0.0,1158
2025-06-18 00:03:49.307000+09:00,73.495,73.549,0,0.0,1158
2025-06-18 00:03:49.809000+09:00,73.485,73.549,0,0.0,1154
2025-06-18 00:03:50.211000+09:00,73.495,73.549,0,0.0,1154
2025-06-18 00:03:50.510000+09:00,73.485,73.549,0,0.0,1154
